role_id,login,password,email,name,about,birthdate,phone,skype
2,Karrie,JcfoKBYAB4k,kbuttress0@1und1.de,Karrie Buttress,In est risus, auctor sed, tristique in, tempus sit amet, sem. Fusce consequat.,,64574473047,high-level
2,Bob,ZEE54kg,baymer1@hp.com,Bob Aymer,Pellentesque ultrices mattis odio.,,75531015353,mobile
2,Zilvia,VJyMV1Zat,zboulding2@macromedia.com,Zilvia Boulding,Morbi a ipsum. Integer a nibh. In quis justo.,,16371407508,Re-engineered
2,Emalee,XUIeJ693h,emollon3@bloglovin.com,Emalee Mollon,Suspendisse potenti.,,21468788926,Grass-roots
2,Maria,oWspnl,mmulberry4@cmu.edu,Maria Mulberry,Morbi quis tortor id nulla ultrices aliquet. Maecenas leo odio, condimentum id, luctus nec, molestie sed, justo.,,62931646367,fault-tolerant
"2,Levey,GdtcUU,lby5@mozilla.com,Levey By,Maecenas tristique, est et tempus semper, est quam pharetra magna, ac consequat metus sapien ut nunc. Vestibulum ante ipsum primis in faucibus orci luctus et ultrices posuere cubilia Curae; Mauris viverra diam vitae quam.,,63271348718,Team-oriented"
2,Baron,UQw6VeA,beates6@last.fm,Baron Eates,Sed vel enim sit amet nunc viverra dapibus. Nulla suscipit ligula in lacus.,,41056175169,portal
2,Trip,49znXd7haFGz,tvink7@fotki.com,Trip Vink,Pellentesque viverra pede ac diam. Cras pellentesque volutpat dui. Maecenas tristique, est et tempus semper, est quam pharetra magna, ac consequat metus sapien ut nunc.,,72882384431,intermediate
2,Boonie,unCjJTF7sjs,bterbeck8@about.me,Boonie Terbeck,Morbi ut odio.,,69043821394,local area network
2,Alonzo,dLuVMAg,atraviss9@auda.org.au,Alonzo Traviss,Suspendisse ornare consequat lectus. In est risus, auctor sed, tristique in, tempus sit amet, sem. Fusce consequat.,,28396220507,upward-trending
